name, x, y
Wasagasse 22, 16.36007, 48.21827
Hahngasse 6, 16.36007, 48.21976
Jacquingasse 51, 16.38457, 48.18946
